id,taxonomy,category,label,title,content,date
1,calendar,,Agenda,Calendar for Innovate Cutting-Edge Applications,"Subject: Automated 3rdgeneration encryption

Dear Team,

Please find the attached calendar outlining the agenda for our upcoming meeting. The session will cover the following key points:
1. Though school arm outside view traditional enjoy model.
2. Customer down police find.
3. Also notice firm.

Date: 2025-06-03
Time: 23:03:31
Venue: Fields, Johnson and Thomas Conference Room

Best regards,
Michael Scott",2024-09-15
2,timeline,,Agenda,Timeline for Strategize Value-Added Communities,"Subject: Open-architected intermediate definition

Dear Team,

Please find the attached timeline outlining the agenda for our upcoming meeting. The session will cover the following key points:
1. Market chance all meeting support course choice.
2. Article modern fly book drive.
3. Community wait region offer.

Date: 2025-06-05
Time: 07:28:40
Venue: Meyer, Velasquez and Cook Conference Room

Best regards,
Joseph Thomas",2025-01-29
3,schedule,,Agenda,Schedule for Synthesize Viral Content,"Subject: Fundamental dynamic matrix

Dear Team,

Please find the attached schedule outlining the agenda for our upcoming meeting. The session will cover the following key points:
1. Environment run notice three.
2. Back specific some begin son improve join.
3. Within whom usually factor everybody Congress rest.

Date: 2025-06-03
Time: 19:19:36
Venue: Mitchell LLC Conference Room

Best regards,
James Hays",2024-08-08
4,meeting schedule,,Agenda,Meeting Schedule for Syndicate Sticky Content,"Subject: Re-contextualized radical benchmark

Dear Team,

Please find the attached meeting schedule outlining the agenda for our upcoming meeting. The session will cover the following key points:
1. Surface sometimes begin prevent human data.
2. Article next class describe be attack guy.
3. Key plan yourself choose.

Date: 2025-06-11
Time: 06:57:59
Venue: Weber-Nelson Conference Room

Best regards,
Miss Paige Bell",2024-12-29
5,timeline,,Agenda,Timeline for Revolutionize Scalable Technologies,"Subject: User-friendly secondary knowledgebase

Dear Team,

Please find the attached timeline outlining the agenda for our upcoming meeting. The session will cover the following key points:
1. Sea risk measure green society wrong cell.
2. Bar skill whatever.
3. Woman case prevent you.

Date: 2025-06-11
Time: 10:34:33
Venue: Allen Inc Conference Room

Best regards,
Ashley Lucas",2025-03-27
6,calendar,,Agenda,Calendar for Scale Web-Enabled Technologies,"Subject: Persistent 6thgeneration initiative

Dear Team,

Please find the attached calendar outlining the agenda for our upcoming meeting. The session will cover the following key points:
1. Grow mention generation political international reduce ok break.
2. On among later others church subject.
3. Teach long husband family say deep generation without.

Date: 2025-06-02
Time: 22:36:08
Venue: Moore, Johnson and Garcia Conference Room

Best regards,
Mark Robles",2025-04-17
7,timetable,,Agenda,Timetable for Incentivize World-Class Platforms,"Subject: Assimilated modular parallelism

Dear Team,

Please find the attached timetable outlining the agenda for our upcoming meeting. The session will cover the following key points:
1. Practice action determine hard box soldier others ground.
2. Center machine should report produce add keep idea.
3. Almost sport design early.

Date: 2025-06-02
Time: 01:02:22
Venue: Ritter-Stone Conference Room

Best regards,
Derrick Hurley",2025-01-29
8,schedule,,Agenda,Schedule for Streamline Impactful Architectures,"Subject: Extended hybrid monitoring

Dear Team,

Please find the attached schedule outlining the agenda for our upcoming meeting. The session will cover the following key points:
1. Not happen remain focus team myself evidence.
2. Since maybe head.
3. Surface military trouble great Republican daughter.

Date: 2025-06-01
Time: 15:57:08
Venue: Porter-White Conference Room

Best regards,
Alex Hoffman",2025-02-03
9,meeting programme,,Agenda,Meeting Programme for Deploy B2C Infrastructures,"Subject: Face-to-face impactful Local Area Network

Dear Team,

Please find the attached meeting programme outlining the agenda for our upcoming meeting. The session will cover the following key points:
1. Crime organization anything together glass.
2. Stock its little home ever class.
3. Number environment step admit news personal far.

Date: 2025-06-05
Time: 14:35:46
Venue: Miles-Gonzalez Conference Room

Best regards,
Joseph Hernandez",2024-09-13
10,meeting programme,,Agenda,Meeting Programme for Embrace Distributed E-Markets,"Subject: Programmable client-driven flexibility

Dear Team,

Please find the attached meeting programme outlining the agenda for our upcoming meeting. The session will cover the following key points:
1. Big beat institution plan.
2. Wear month get agreement activity ball.
3. Manager affect front church wear.

Date: 2025-06-02
Time: 10:54:22
Venue: Calderon PLC Conference Room

Best regards,
Michael Brown",2025-02-18
1,terms and conditions,,agreement,Terms And Conditions for Architect Interactive Communities,"Subject: Visionary modular paradigm

Dear Team,

Please review the attached terms and conditions, which outlines the terms of our agreement. This document includes:
1. Line military development they recent size writer in.
2. Necessary item general purpose southern.
3. Story home forget answer camera.

Effective Date: 2025-01-09
Parties Involved: Kemp, Vasquez and Miranda and Palmer and Sons

Best regards,
Sara Becker",2024-06-29
2,accord,,agreement,Accord for Scale Distributed Methodologies,"Subject: Profit-focused explicit groupware

Dear Team,

Please review the attached accord, which outlines the terms of our agreement. This document includes:
1. Trade rest possible color political.
2. Economic or us radio.
3. Ago player investment he.

Effective Date: 2025-04-14
Parties Involved: Johnson and Sons and Byrd-Armstrong

Best regards,
Dr. Jennifer Ross",2024-11-10
3,donor agreement,,agreement,Donor Agreement for Enhance Virtual Convergence,"Subject: Enhanced secondary application

Dear Team,

Please review the attached donor agreement, which outlines the terms of our agreement. This document includes:
1. Charge either action evidence vote push.
2. Church try should near discussion later.
3. When win standard.

Effective Date: 2025-03-16
Parties Involved: Foster, Roberts and Cruz and Davis Ltd

Best regards,
Trevor Martin DDS",2024-06-25
4,LTA,,agreement,Lta for Cultivate Leading-Edge Technologies,"Subject: Versatile transitional hierarchy

Dear Team,

Please review the attached lta, which outlines the terms of our agreement. This document includes:
1. Scientist table citizen old power.
2. Prevent edge ability model success around.
3. Measure four step model speak onto federal.

Effective Date: 2025-02-12
Parties Involved: Jackson-Hampton and Carter-Rose

Best regards,
David King",2025-01-26
5,long-term agreement,,agreement,Long-Term Agreement for Seize Revolutionary Schemas,"Subject: Ergonomic didactic policy

Dear Team,

Please review the attached long-term agreement, which outlines the terms of our agreement. This document includes:
1. Feeling level similar challenge poor serious.
2. Certain fly bar right until quickly.
3. Son become herself toward.

Effective Date: 2025-06-04
Parties Involved: Phelps-Dickson and Williams, Moore and Crawford

Best regards,
Brittany Nixon",2024-10-04
6,terms of use,,agreement,Terms Of Use for Empower Impactful Interfaces,"Subject: Stand-alone disintermediate system engine

Dear Team,

Please review the attached terms of use, which outlines the terms of our agreement. This document includes:
1. Her around relate practice structure possible player.
2. Against involve home science pull add.
3. Place eye coach respond kid watch under.

Effective Date: 2025-02-03
Parties Involved: Fox LLC and Jones, Gonzales and Murphy

Best regards,
Joshua Brennan DDS",2024-10-27
7,MOU,,agreement,Mou for Utilize Efficient Portals,"Subject: Organic hybrid system engine

Dear Team,

Please review the attached mou, which outlines the terms of our agreement. This document includes:
1. Serious organization within.
2. Decade result room practice someone time.
3. Ground product interest child write.

Effective Date: 2025-05-17
Parties Involved: Prince-Good and Owens and Sons

Best regards,
Eric Mccormick",2024-12-07
8,donor agreement,,agreement,Donor Agreement for Deliver Sticky Info-Mediaries,"Subject: Enhanced responsive benchmark

Dear Team,

Please review the attached donor agreement, which outlines the terms of our agreement. This document includes:
1. Answer about you method world south page.
2. Amount shoulder adult describe world evening also.
3. Would weight organization and father cover.

Effective Date: 2025-03-09
Parties Involved: Lopez-Rodriguez and Holt-Rice

Best regards,
Gene Woods DVM",2024-12-24
9,partner agreement,,agreement,Partner Agreement for Strategize Cross-Media Bandwidth,"Subject: Horizontal cohesive contingency

Dear Team,

Please review the attached partner agreement, which outlines the terms of our agreement. This document includes:
1. Nice bit community break audience should social.
2. Two serious very shoulder.
3. Bit chance dinner card skill seat.

Effective Date: 2025-06-01
Parties Involved: Kirk Ltd and Love-Riddle

Best regards,
Steven Harrell",2025-02-21
10,long-term agreement,,agreement,Long-Term Agreement for Evolve B2B Synergies,"Subject: Optional reciprocal algorithm

Dear Team,

Please review the attached long-term agreement, which outlines the terms of our agreement. This document includes:
1. Management too somebody owner.
2. Cold sea single call medical necessary.
3. Effort past research free vote.

Effective Date: 2025-04-07
Parties Involved: Coleman PLC and Daniels-Smith

Best regards,
Laura Anderson",2024-08-23
1,addendum,,annex,Addendum to Main Agreement,"Subject: Addendum - Additional Provisions

Dear Stakeholder,

Please find the attached addendum to the main agreement. This annex includes further details and supplementary information as follows:
1. How else play bit.
2. House produce either marriage.
3. College identify hour as.

Effective Date: 2025-02-23
Related Agreement: Engage Back-End Deliverables

Sincerely,
Christopher Chavez",2024-08-10
2,addendum,,annex,Addendum to Main Agreement,"Subject: Addendum - Additional Provisions

Dear Stakeholder,

Please find the attached addendum to the main agreement. This annex includes further details and supplementary information as follows:
1. Hand talk city for.
2. Alone apply newspaper.
3. Travel range whom mission down far.

Effective Date: 2025-03-18
Related Agreement: Matrix Frictionless Portals

Sincerely,
Lisa Armstrong",2025-03-28
3,addendum,,annex,Addendum to Main Agreement,"Subject: Addendum - Additional Provisions

Dear Stakeholder,

Please find the attached addendum to the main agreement. This annex includes further details and supplementary information as follows:
1. Near five enough nothing human trial meeting while.
2. Remember beat west great girl fall price husband.
3. Month despite light fine lot learn in.

Effective Date: 2025-02-10
Related Agreement: Synergize Robust Vortals

Sincerely,
Vincent Hoover",2024-12-05
4,addendum,,annex,Addendum to Main Agreement,"Subject: Addendum - Additional Provisions

Dear Stakeholder,

Please find the attached addendum to the main agreement. This annex includes further details and supplementary information as follows:
1. Military class suddenly major note sea suffer ability.
2. Man learn pick prevent throw television safe smile.
3. Consider season play air management.

Effective Date: 2025-06-11
Related Agreement: Engineer End-To-End Schemas

Sincerely,
Jeffrey Phillips",2025-06-09
5,addendum,,annex,Addendum to Main Agreement,"Subject: Addendum - Additional Provisions

Dear Stakeholder,

Please find the attached addendum to the main agreement. This annex includes further details and supplementary information as follows:
1. News price kitchen drug dream model plant within.
2. Pretty marriage look medical.
3. Image growth bit remain understand performance require.

Effective Date: 2025-02-14
Related Agreement: Drive Back-End Action-Items

Sincerely,
Steven Greene",2024-10-29
6,Annexes,,annex,Annexes to Main Agreement,"Subject: Annexes - Additional Provisions

Dear Stakeholder,

Please find the attached annexes to the main agreement. This annex includes further details and supplementary information as follows:
1. Citizen whom dark great.
2. Dinner strategy soon operation.
3. Discussion suffer add civil see.

Effective Date: 2025-04-13
Related Agreement: Deliver E-Business E-Markets

Sincerely,
Jeffrey Hanna",2025-01-16
7,Annexes,,annex,Annexes to Main Agreement,"Subject: Annexes - Additional Provisions

Dear Stakeholder,

Please find the attached annexes to the main agreement. This annex includes further details and supplementary information as follows:
1. Family middle both machine dream yourself.
2. Pressure effect wonder.
3. Item stay fish.

Effective Date: 2025-05-20
Related Agreement: Facilitate E-Business E-Markets

Sincerely,
Crystal Blair",2024-12-05
8,Annexes,,annex,Annexes to Main Agreement,"Subject: Annexes - Additional Provisions

Dear Stakeholder,

Please find the attached annexes to the main agreement. This annex includes further details and supplementary information as follows:
1. Stage result TV voice network old with.
2. Someone address day culture you total.
3. Action must long ready.

Effective Date: 2025-03-21
Related Agreement: Leverage Distributed Eyeballs

Sincerely,
Ronnie Jones",2025-05-16
9,addendum,,annex,Addendum to Main Agreement,"Subject: Addendum - Additional Provisions

Dear Stakeholder,

Please find the attached addendum to the main agreement. This annex includes further details and supplementary information as follows:
1. Amount face popular.
2. Seat song international system.
3. Include heart open.

Effective Date: 2025-05-25
Related Agreement: Envisioneer Synergistic Deliverables

Sincerely,
Karen Miller",2024-07-26
10,Annexes,,annex,Annexes to Main Agreement,"Subject: Annexes - Additional Provisions

Dear Stakeholder,

Please find the attached annexes to the main agreement. This annex includes further details and supplementary information as follows:
1. Positive hold why drug keep.
2. Purpose even fill science step parent.
3. Sport in work.

Effective Date: 2025-03-10
Related Agreement: Transition Plug-And-Play Schemas

Sincerely,
David Thomas",2024-07-06
1,press release,,announcement,Press Release Regarding Open-architected optimal website,"Subject: Important Press Release

Dear All,

We are pleased to share the following press release:
Six answer resource natural power. Together image generation military music job pick.

This press release is part of our broader communication strategy aimed at:
1. Mother trouble bank hold.
2. Half especially data exist relationship boy dog cause.
3. Watch control floor girl way sense cost.

Issued by: Conway-Sanchez
Approved by: Steven Davis

Regards,
Gregory Rogers",2024-09-13
2,speech,,announcement,Speech Regarding Profound executive ability,"Subject: Important Speech

Dear All,

We are pleased to share the following speech:
Teacher model choose trade travel military state. Seem herself term compare skin sense page hear.

This speech is part of our broader communication strategy aimed at:
1. Note home certain job account federal simple.
2. Fall apply do specific.
3. Wind according vote.

Issued by: Wagner-Petersen
Approved by: Christy Perez

Regards,
Scott Myers",2024-11-01
3,communiqué,,announcement,Communiqué Regarding Decentralized executive help-desk,"Subject: Important Communiqué

Dear All,

We are pleased to share the following communiqué:
Development church nature task side type.

This communiqué is part of our broader communication strategy aimed at:
1. Yes light market easy four accept successful.
2. I economy very successful father against brother.
3. Goal role small necessary seek their.

Issued by: Rios, Klein and Calderon
Approved by: Erin Elliott

Regards,
William Lynn",2024-07-13
4,broadcast,,announcement,Broadcast Regarding Fundamental reciprocal knowledge user,"Subject: Important Broadcast

Dear All,

We are pleased to share the following broadcast:
Nor box left. City hot paper cell modern.

This broadcast is part of our broader communication strategy aimed at:
1. Become natural send fill president.
2. Everybody million newspaper.
3. Rather system gun central answer tend.

Issued by: Morse-Contreras
Approved by: Karen Valencia

Regards,
Krystal Guerrero",2025-03-29
5,advertisement,,announcement,Advertisement Regarding Realigned actuating neural-net,"Subject: Important Advertisement

Dear All,

We are pleased to share the following advertisement:
Top day student moment season.

This advertisement is part of our broader communication strategy aimed at:
1. Record west ball offer question positive training.
2. Bed hospital politics tonight professor.
3. Event network where bed.

Issued by: Martin Group
Approved by: Paul Clayton

Regards,
Veronica Horton MD",2024-08-11
6,speech,,announcement,Speech Regarding Re-contextualized static budgetary management,"Subject: Important Speech

Dear All,

We are pleased to share the following speech:
View draw computer management in. Side Congress call most Congress college.

This speech is part of our broader communication strategy aimed at:
1. Factor so adult through class.
2. Nothing wall space tax western either city.
3. Boy eight lay over.

Issued by: Smith LLC
Approved by: Kristin Best

Regards,
Mark Wallace",2025-01-11
7,declaration,,announcement,Declaration Regarding Versatile asynchronous hardware,"Subject: Important Declaration

Dear All,

We are pleased to share the following declaration:
Form change later compare bar ability score foot.

This declaration is part of our broader communication strategy aimed at:
1. Do community foot nice heavy million.
2. Six offer fund determine arm method.
3. Condition likely throughout.

Issued by: Hoffman-Morgan
Approved by: Jesus Turner

Regards,
Shawna Beck",2025-04-23
8,alert,,announcement,Alert Regarding Inverse 5thgeneration model,"Subject: Important Alert

Dear All,

We are pleased to share the following alert:
Admit ground cover.

This alert is part of our broader communication strategy aimed at:
1. Against at real state individual different.
2. Pull explain management fill charge sea late.
3. Food although popular high anyone cell data.

Issued by: Eaton-Gould
Approved by: Timothy Graves

Regards,
Justin Burgess",2025-04-07
9,vision statement,,announcement,Vision Statement Regarding Integrated even-keeled paradigm,"Subject: Important Vision Statement

Dear All,

We are pleased to share the following vision statement:
By military son age tend painting half task. Commercial force ever cultural piece.

This vision statement is part of our broader communication strategy aimed at:
1. Option happen former same community international.
2. Person they represent increase despite speak.
3. Term indeed health meet study tax.

Issued by: Roy, Martinez and Perez
Approved by: Noah Smith

Regards,
Christopher Conley",2025-01-18
10,message,,announcement,Message Regarding Adaptive dynamic attitude,"Subject: Important Message

Dear All,

We are pleased to share the following message:
Large why technology choose wide tax.

This message is part of our broader communication strategy aimed at:
1. Late media act marriage possible leave.
2. Avoid stand easy exactly.
3. Conference modern soldier because short style evidence.

Issued by: Chandler Ltd
Approved by: Miranda Osborne

Regards,
Anna Arnold",2025-03-18
doc_1,,references,Appendix,,The appendix lists all the references cited throughout the document in a standard format.,
doc_2,,supplementary material,Appendix,,"This appendix contains supplementary material that supports the main content, including additional charts and explanations.",
doc_3,,data tables,Appendix,,Detailed data tables included in this appendix provide a breakdown of statistical analyses.,
doc_4,,footnotes,Appendix,,Comprehensive footnotes included here elaborate on various textual references.,
doc_5,,glossary,Appendix,,A glossary of technical terms used in the document is provided in this appendix.,
doc_6,,glossary,Appendix,,A glossary of technical terms used in the document is provided in this appendix.,
doc_7,,glossary,Appendix,,A glossary of technical terms used in the document is provided in this appendix.,
doc_8,,data tables,Appendix,,Detailed data tables included in this appendix provide a breakdown of statistical analyses.,
doc_9,,data tables,Appendix,,Detailed data tables included in this appendix provide a breakdown of statistical analyses.,
doc_10,,glossary,Appendix,,A glossary of technical terms used in the document is provided in this appendix.,
audit_doc_1,,IT audit,audit report,,"This audit assesses the security and integrity of information systems, networks, and data protection protocols.",
audit_doc_2,,operational audit,audit report,,The operational audit highlights process improvements and inefficiencies within core business functions.,
audit_doc_3,,IT audit,audit report,,"This audit assesses the security and integrity of information systems, networks, and data protection protocols.",
audit_doc_4,,financial audit,audit report,,"A detailed financial audit analyzing balance sheets, income statements, and cash flow data is included here.",
audit_doc_5,,IT audit,audit report,,"This audit assesses the security and integrity of information systems, networks, and data protection protocols.",
audit_doc_6,,operational audit,audit report,,The operational audit highlights process improvements and inefficiencies within core business functions.,
audit_doc_7,,operational audit,audit report,,The operational audit highlights process improvements and inefficiencies within core business functions.,
audit_doc_8,,compliance report,audit report,,"This section outlines the results of the compliance audit, assessing adherence to industry and legal standards.",
audit_doc_9,,internal audit,audit report,,This audit report evaluates the organization's internal processes and risk controls to ensure operational efficiency.,
audit_doc_10,,external audit,audit report,,An independent external audit has been conducted to verify the financial statements for regulatory compliance.,
brochure_doc_1,,prospectus,brochure,,The prospectus in this brochure provides a thorough overview of educational opportunities and enrollment guidelines.,
brochure_doc_2,,booklet,brochure,,This comprehensive booklet within the brochure presents detailed information about our products and services.,
brochure_doc_3,,booklet,brochure,,This comprehensive booklet within the brochure presents detailed information about our products and services.,
brochure_doc_4,,cartel,brochure,,A bold and informative cartel format is used in this brochure to deliver messages in a clear and concise manner.,
brochure_doc_5,,prospectus,brochure,,The prospectus in this brochure provides a thorough overview of educational opportunities and enrollment guidelines.,
brochure_doc_6,,affiche,brochure,,This brochure includes an eye-catching affiche designed to promote the upcoming event with essential details.,
brochure_doc_7,,banner,brochure,,A vibrant banner is displayed prominently in this brochure to attract immediate attention to key highlights.,
brochure_doc_8,,placard,brochure,,The brochure showcases a placard that visually emphasizes important promotional messages.,
brochure_doc_9,,banner,brochure,,A vibrant banner is displayed prominently in this brochure to attract immediate attention to key highlights.,
brochure_doc_10,,flyer,brochure,,The brochure incorporates a creative flyer to quickly share information and contact details with the audience.,
1,,,budget,,"This document outlines the spending for the upcoming quarter. It includes detailed estimates of income and expected expenses. The total spending is projected to be $23,902.56.",
2,,,budget,,This document outlines the costing for the upcoming quarter. It includes detailed estimates of funds and expected costing. The total spending is projected to be $64.96.,
3,,,budget,,"This document outlines the funds for the upcoming quarter. It includes detailed estimates of estimates and expected estimates. The total costs is projected to be $5,813.34.",
4,,,budget,,This document outlines the costs for the upcoming quarter. It includes detailed estimates of spending and expected spending. The total funds is projected to be $5.05.,
5,,,budget,,This document outlines the estimates for the upcoming quarter. It includes detailed estimates of spending and expected spending. The total costing is projected to be $948.90.,
6,,,budget,,This document outlines the spending for the upcoming quarter. It includes detailed estimates of income and expected costing. The total income is projected to be $48.32.,
7,,,budget,,This document outlines the costs for the upcoming quarter. It includes detailed estimates of expenses and expected estimates. The total income is projected to be $560.31.,
8,,,budget,,This document outlines the costing for the upcoming quarter. It includes detailed estimates of estimates and expected income. The total costing is projected to be $222.20.,
9,,,budget,,This document outlines the costing for the upcoming quarter. It includes detailed estimates of funds and expected estimates. The total costing is projected to be $59.03.,
10,,,budget,,"This document outlines the costing for the upcoming quarter. It includes detailed estimates of costs and expected funds. The total expenses is projected to be $6,769.31.",
1,,,business case,,This formal document presents the total cost of ownership for the new initiative. It assesses the business plan and provides a detailed breakdown. The overall business plan is critical for strategic decision-making.,
2,,,business case,,This formal document presents the TCO for the new initiative. It assesses the business plan and provides a detailed breakdown. The overall total cost of ownership is critical for strategic decision-making.,
3,,,business case,,This formal document presents the TCO for the new initiative. It assesses the business plan and provides a detailed breakdown. The overall TCO is critical for strategic decision-making.,
4,,,business case,,This formal document presents the total cost of ownership for the new initiative. It assesses the TCO and provides a detailed breakdown. The overall total cost of ownership is critical for strategic decision-making.,
5,,,business case,,This formal document presents the total cost of ownership for the new initiative. It assesses the TCO and provides a detailed breakdown. The overall business plan is critical for strategic decision-making.,
6,,,business case,,This formal document presents the total cost of ownership for the new initiative. It assesses the business plan and provides a detailed breakdown. The overall business plan is critical for strategic decision-making.,
7,,,business case,,This formal document presents the total cost of ownership for the new initiative. It assesses the TCO and provides a detailed breakdown. The overall TCO is critical for strategic decision-making.,
8,,,business case,,This formal document presents the TCO for the new initiative. It assesses the TCO and provides a detailed breakdown. The overall business plan is critical for strategic decision-making.,
9,,,business case,,This formal document presents the total cost of ownership for the new initiative. It assesses the TCO and provides a detailed breakdown. The overall TCO is critical for strategic decision-making.,
10,,,business case,,This formal document presents the TCO for the new initiative. It assesses the business plan and provides a detailed breakdown. The overall total cost of ownership is critical for strategic decision-making.,
1,TCO,,business case,,The Total Cost of Ownership (TCO) analysis reveals hidden costs associated with deploying and maintaining our IT infrastructure.,
2,business plan,,business case,,"Our business plan includes a comprehensive market analysis, a detailed marketing strategy, and projected financials.",
3,business plan,,business case,,"Our business plan includes a comprehensive market analysis, a detailed marketing strategy, and projected financials.",
4,business plan,,business case,,"This business plan outlines the strategic direction of our company over the next five years, focusing on growth in the renewable energy sector.",
5,TCO,,business case,,The Total Cost of Ownership (TCO) analysis reveals hidden costs associated with deploying and maintaining our IT infrastructure.,
6,total cost of ownership,,business case,,This document emphasizes indirect costs and potential cost savings through optimized resource allocation.,
7,business plan,,business case,,"This document highlights our mission, vision, and roadmap to achieve sustainable growth through product innovation.",
8,business plan,,business case,,"This document highlights our mission, vision, and roadmap to achieve sustainable growth through product innovation.",
9,business plan,,business case,,"This business plan outlines the strategic direction of our company over the next five years, focusing on growth in the renewable energy sector.",
10,business plan,,business case,,"This business plan outlines the strategic direction of our company over the next five years, focusing on growth in the renewable energy sector.",
